id,area,bbox_y,bbox_x,bbox_h,bbox_w,predicted_iou,stability_score,source
1,102,197.0,0.0,14.0,7.0,0.84375,0.9615384340286256,ST
2,1611,0.0,44.0,39.0,53.0,0.93359375,0.9498186111450196,ST
3,47202,0.0,0.0,209.0,366.0,0.96875,0.9461272954940796,ST
4,212820,0.0,2.0,511.0,509.0,0.9921875,0.9254766702651978,ST
5,11197942,0.0,0.0,3739.0,3729.0,1.0,0.9932544231414796,HE
6,2665105,0.0,0.0,1517.0,2671.0,0.99609375,0.9891125559806824,HE
7,71728,0.0,2286.0,394.0,387.0,0.953125,0.9576889872550964,HE
