id,area,bbox_y,bbox_x,bbox_h,bbox_w,predicted_iou,stability_score,source
1,249832,17.0,0.0,494.0,511.0,0.890625,0.993815004825592,ST
2,11271,0.0,0.0,24.0,511.0,0.96484375,0.959472358226776,ST
4,725506,0.0,0.0,219.0,3739.0,0.98828125,0.986949622631073,HE
