id,area,bbox_y,bbox_x,bbox_h,bbox_w,predicted_iou,stability_score,source
1,1578,0.0,0.0,37.0,51.0,0.94140625,0.971285879611969,ST
2,229978,0.0,0.0,511.0,511.0,0.98828125,0.9710323214530944,ST
3,31269,373.0,90.0,138.0,421.0,0.98828125,0.9704740047454834,ST
4,559,487.0,72.0,20.0,35.0,0.8359375,0.9526315927505492,ST
5,732,331.0,491.0,48.0,20.0,0.84765625,0.934036910533905,ST
