id,area,bbox_y,bbox_x,bbox_h,bbox_w,predicted_iou,stability_score,source
1,444,87.0,234.0,23.0,21.0,0.9609375,0.9910314083099364,ST
2,468,191.0,46.0,28.0,25.0,0.8984375,0.9519832730293274,ST
3,400,42.0,184.0,25.0,18.0,0.85546875,0.9464720487594604,ST
4,1208,184.0,90.0,48.0,35.0,0.90234375,0.9358460307121276,ST
5,323,22.0,186.0,22.0,23.0,0.828125,0.9285714030265808,ST
6,257,137.0,158.0,20.0,19.0,0.84765625,0.9285714030265808,ST
7,1570,213.0,133.0,42.0,61.0,0.87109375,0.924724578857422,ST
8,456,1.0,189.0,27.0,22.0,0.8671875,0.92144376039505,ST
9,1044,48.0,120.0,42.0,33.0,0.8125,0.9210284948349,ST
